{
  "baselines": {
    "csp_lda": null,
    "riemannian": null,
    "vit_only": {
      "model": "Baseline C: CWT+EEG-ViT",
      "within_acc": 52.62687369765409,
      "within_std": 7.1804581083867705,
      "within_kappa": 0.052051914846617704,
      "within_f1": 0.4066257363220075,
      "loso_acc": 53.08641975308641,
      "loso_std": 3.7698251544154675,
      "loso_kappa": 0.0617283950617284,
      "loso_f1": 0.4830848187592023,
      "loso_per_subject": {
        "1": 55.55555555555556,
        "2": 51.736111111111114,
        "3": 50.0,
        "4": 54.861111111111114,
        "5": 48.95833333333333,
        "6": 61.458333333333336,
        "7": 50.0,
        "8": 50.34722222222222,
        "9": 54.861111111111114
      }
    }
  },
  "dual_branch": {
    "tri_adaptive": {
      "model": "TriBranchAdaptive-VIT+CSP+Riemann [adaptive ]",
      "strategy": "within_subject",
      "within_acc": 52.3533950617284,
      "within_std": 7.105157649378869,
      "within_kappa": 0.04706790123456791,
      "within_f1": 0.43487075384032503,
      "loso_acc": null,
      "loso_std": null,
      "loso_kappa": null,
      "loso_f1": null,
      "per_subject": {
        "1": 51.736111111111114,
        "2": 51.388888888888886,
        "3": 51.736111111111114,
        "4": 53.81944444444444,
        "5": 56.59722222222222,
        "6": 50.0,
        "7": 50.0,
        "8": 46.18055555555556,
        "9": 59.72222222222222
      },
      "loso_per_subject": {},
      "fusion": "adaptive"
    },
    "attention_v2": {
      "model": "DualBranch-VIT+CSP+Riemann [attention_v2]",
      "strategy": "within_subject",
      "within_acc": 62.09047523022113,
      "within_std": 11.275327842652455,
      "within_kappa": 0.2405760450134322,
      "within_f1": 0.5549350598201342,
      "loso_acc": 55.516975308641975,
      "loso_std": 4.676969895275225,
      "loso_kappa": 0.1103395061728395,
      "loso_f1": 0.47369108863631976,
      "per_subject": {
        "1": 62.20810647307925,
        "2": 57.664851784633996,
        "3": 59.00786448880823,
        "4": 53.13974591651542,
        "5": 64.19842710223836,
        "6": 52.78281911675741,
        "7": 61.79673321234119,
        "8": 69.82456140350877,
        "9": 78.19116757410768
      },
      "loso_per_subject": {
        "1": 51.736111111111114,
        "2": 53.81944444444444,
        "3": 53.125,
        "4": 50.0,
        "5": 53.47222222222222,
        "6": 57.291666666666664,
        "7": 53.81944444444444,
        "8": 60.416666666666664,
        "9": 65.97222222222221
      }
    },
    "attention": {
      "model": "DualBranch-VIT+CSP+Riemann [attention]",
      "strategy": "within_subject",
      "within_acc": 63.115547489413196,
      "within_std": 12.898497489741747,
      "within_kappa": 0.2599870377605121,
      "within_f1": 0.5659515316291711,
      "loso_acc": 53.742283950617285,
      "loso_std": 4.217087475907318,
      "loso_kappa": 0.07484567901234568,
      "loso_f1": 0.43087688299960103,
      "per_subject": {
        "1": 66.63641863278887,
        "2": 54.51905626134301,
        "3": 61.78463399879007,
        "4": 51.3914095583787,
        "5": 64.84573502722324,
        "6": 54.863883847549914,
        "7": 61.7967332123412,
        "8": 77.14458560193586,
        "9": 75.05747126436782
      },
      "loso_per_subject": {
        "1": 53.125,
        "2": 50.0,
        "3": 51.041666666666664,
        "4": 50.34722222222222,
        "5": 50.34722222222222,
        "6": 58.333333333333336,
        "7": 62.5,
        "8": 51.041666666666664,
        "9": 56.94444444444444
      }
    },
    "gated": {
      "model": "DualBranch-VIT+CSP+Riemann [gated]",
      "strategy": "within_subject",
      "within_acc": 61.80345499764736,
      "within_std": 12.00773864709113,
      "within_kappa": 0.23456748273936925,
      "within_f1": 0.5586396238615069,
      "loso_acc": 55.864197530864196,
      "loso_std": 4.75085625890807,
      "loso_kappa": 0.11728395061728396,
      "loso_f1": 0.4753541235087376,
      "per_subject": {
        "1": 65.62613430127041,
        "2": 53.79915305505142,
        "3": 62.068965517241374,
        "4": 51.742286751361156,
        "5": 59.00181488203267,
        "6": 50.70175438596491,
        "7": 62.15970961887477,
        "8": 72.60738052026618,
        "9": 78.52389594676346
      },
      "loso_per_subject": {
        "1": 60.416666666666664,
        "2": 54.513888888888886,
        "3": 51.388888888888886,
        "4": 50.0,
        "5": 50.0,
        "6": 61.80555555555556,
        "7": 53.125,
        "8": 60.06944444444444,
        "9": 61.458333333333336
      }
    }
  },
  "transfer_learning": {
    "attention": {
      "model": "DualBranch-VIT+CSP+Riemann [attention]",
      "strategy": "within_subject",
      "within_acc": 63.115547489413196,
      "within_std": 12.898497489741747,
      "within_kappa": 0.2599870377605121,
      "within_f1": 0.5659515316291711,
      "loso_acc": 53.742283950617285,
      "loso_std": 4.217087475907318,
      "loso_kappa": 0.07484567901234568,
      "loso_f1": 0.43087688299960103,
      "per_subject": {
        "1": 66.63641863278887,
        "2": 54.51905626134301,
        "3": 61.78463399879007,
        "4": 51.3914095583787,
        "5": 64.84573502722324,
        "6": 54.863883847549914,
        "7": 61.7967332123412,
        "8": 77.14458560193586,
        "9": 75.05747126436782
      },
      "loso_per_subject": {
        "1": 53.125,
        "2": 50.0,
        "3": 51.041666666666664,
        "4": 50.34722222222222,
        "5": 50.34722222222222,
        "6": 58.333333333333336,
        "7": 62.5,
        "8": 51.041666666666664,
        "9": 56.94444444444444
      }
    },
    "gated": {
      "model": "DualBranch-VIT+CSP+Riemann [gated]",
      "strategy": "within_subject",
      "within_acc": 61.80345499764736,
      "within_std": 12.00773864709113,
      "within_kappa": 0.23456748273936925,
      "within_f1": 0.5586396238615069,
      "loso_acc": 55.864197530864196,
      "loso_std": 4.75085625890807,
      "loso_kappa": 0.11728395061728396,
      "loso_f1": 0.4753541235087376,
      "per_subject": {
        "1": 65.62613430127041,
        "2": 53.79915305505142,
        "3": 62.068965517241374,
        "4": 51.742286751361156,
        "5": 59.00181488203267,
        "6": 50.70175438596491,
        "7": 62.15970961887477,
        "8": 72.60738052026618,
        "9": 78.52389594676346
      },
      "loso_per_subject": {
        "1": 60.416666666666664,
        "2": 54.513888888888886,
        "3": 51.388888888888886,
        "4": 50.0,
        "5": 50.0,
        "6": 61.80555555555556,
        "7": 53.125,
        "8": 60.06944444444444,
        "9": 61.458333333333336
      }
    }
  },
  "reduced_data": {
    "backbone": "eeg_vit_tiny_patch8_64",
    "fractions": [
      0.1,
      0.25,
      0.5,
      0.75,
      1.0
    ],
    "results": {
      "transfer": {
        "0.10": {
          "fraction_pct": 10,
          "mean_accuracy": 50.0885,
          "std_accuracy": 1.718,
          "n_runs": 135
        },
        "0.25": {
          "fraction_pct": 25,
          "mean_accuracy": 50.0905,
          "std_accuracy": 1.8564,
          "n_runs": 135
        },
        "0.50": {
          "fraction_pct": 50,
          "mean_accuracy": 51.779,
          "std_accuracy": 4.7197,
          "n_runs": 135
        },
        "0.75": {
          "fraction_pct": 75,
          "mean_accuracy": 53.405,
          "std_accuracy": 7.0613,
          "n_runs": 135
        },
        "1.00": {
          "fraction_pct": 100,
          "mean_accuracy": 57.2138,
          "std_accuracy": 10.5798,
          "n_runs": 135
        }
      }
    }
  }
}