{
  "baseline_vs_dual": [
    {
      "comparison": "DualBranch(adaptive) vs ViT-Only",
      "n_subjects": 9,
      "dual_mean": 52.35339506172839,
      "baseline_mean": 53.08641975308641,
      "mean_diff": -0.7330246913580183,
      "wilcoxon_stat": 16.0,
      "wilcoxon_p": 0.84375,
      "t_stat": -0.39769323903830717,
      "t_p": 0.7012572765455969,
      "cohens_d": -0.18425338840662667,
      "effect_size": "negligible"
    }
  ],
  "transfer_conditions": [],
  "fusion_methods": {
    "test": "Friedman",
    "statistic": 2.147727272727267,
    "p_value": 0.5423177145800866,
    "significant_at_0.05": false,
    "per_method": {
      "tri_adaptive": {
        "mean": 52.35339506172839,
        "std": 3.731729101649304,
        "n": 9
      },
      "attention_v2": {
        "mean": 55.516975308641975,
        "std": 4.676969895275225,
        "n": 9
      },
      "attention": {
        "mean": 53.742283950617285,
        "std": 4.217087475907318,
        "n": 9
      },
      "gated": {
        "mean": 55.864197530864196,
        "std": 4.75085625890807,
        "n": 9
      }
    }
  },
  "per_subject_variance": {
    "model": "DualBranch (adaptive)",
    "n_subjects": 9,
    "mean": 52.35339506172839,
    "std": 3.731729101649304,
    "min": 46.18055555555556,
    "max": 59.72222222222222,
    "range": 13.541666666666664,
    "per_subject": {
      "1": 51.736111111111114,
      "2": 51.388888888888886,
      "3": 51.736111111111114,
      "4": 53.81944444444444,
      "5": 56.59722222222222,
      "6": 50.0,
      "7": 50.0,
      "8": 46.18055555555556,
      "9": 59.72222222222222
    }
  }
}