{
  "model": "DualBranch-VIT+CSP+Riemann",
  "backbone": "eeg_vit_tiny_patch8_64",
  "fusion": "gated",
  "strategy": "within_subject",
  "mean_accuracy": 61.80345499764736,
  "std_accuracy": 12.00773864709113,
  "mean_kappa": 0.23456748273936925,
  "mean_f1": 0.5586396238615069,
  "n_folds": 45,
  "per_subject": {
    "1": 65.62613430127041,
    "2": 53.79915305505142,
    "3": 62.068965517241374,
    "4": 51.742286751361156,
    "5": 59.00181488203267,
    "6": 50.70175438596491,
    "7": 62.15970961887477,
    "8": 72.60738052026618,
    "9": 78.52389594676346
  }
}