{
  "model": "CWT+EEG-ViT (PhysioNet pretrained)",
  "backbone": "eeg_vit_tiny_patch8_64",
  "strategy": "loso",
  "mean_accuracy": 54.668209876543216,
  "std_accuracy": 2.9739340031792847,
  "mean_kappa": 0.0933641975308642,
  "mean_f1": 0.5294917737283756,
  "n_folds": 9,
  "per_subject": {
    "1": 55.55555555555556,
    "2": 54.513888888888886,
    "3": 56.94444444444444,
    "4": 53.125,
    "5": 50.34722222222222,
    "6": 56.59722222222222,
    "7": 55.90277777777778,
    "8": 49.65277777777778,
    "9": 59.375
  }
}