{
  "model": "DualBranch-VIT+CSP+Riemann",
  "backbone": "eeg_vit_tiny_patch8_64",
  "fusion": "attention",
  "strategy": "loso",
  "mean_accuracy": 53.742283950617285,
  "std_accuracy": 4.217087475907318,
  "mean_kappa": 0.07484567901234568,
  "mean_f1": 0.43087688299960103,
  "n_folds": 9,
  "per_subject": {
    "1": 53.125,
    "2": 50.0,
    "3": 51.041666666666664,
    "4": 50.34722222222222,
    "5": 50.34722222222222,
    "6": 58.333333333333336,
    "7": 62.5,
    "8": 51.041666666666664,
    "9": 56.94444444444444
  }
}