{
  "model": "DualBranch-VIT+CSP+Riemann",
  "backbone": "eeg_vit_tiny_patch8_64",
  "fusion": "attention_v2",
  "strategy": "within_subject",
  "mean_accuracy": 62.09047523022113,
  "std_accuracy": 11.275327842652455,
  "mean_kappa": 0.2405760450134322,
  "mean_f1": 0.5549350598201342,
  "n_folds": 45,
  "per_subject": {
    "1": 62.20810647307925,
    "2": 57.664851784633996,
    "3": 59.00786448880823,
    "4": 53.13974591651542,
    "5": 64.19842710223836,
    "6": 52.78281911675741,
    "7": 61.79673321234119,
    "8": 69.82456140350877,
    "9": 78.19116757410768
  }
}