{
  "model": "TriBranchAdaptive-VIT+CSP+Riemann",
  "backbone": "eeg_vit_tiny_patch8_64",
  "fusion": "adaptive",
  "strategy": "within_subject",
  "mean_accuracy": 52.3533950617284,
  "std_accuracy": 7.105157649378869,
  "mean_kappa": 0.04706790123456791,
  "mean_f1": 0.43487075384032503,
  "n_folds": 18,
  "per_subject": {
    "1": 51.736111111111114,
    "2": 51.388888888888886,
    "3": 51.736111111111114,
    "4": 53.81944444444444,
    "5": 56.59722222222222,
    "6": 50.0,
    "7": 50.0,
    "8": 46.18055555555556,
    "9": 59.72222222222222
  }
}