{
  "model": "DualBranch-VIT+CSP+Riemann",
  "backbone": "eeg_vit_tiny_patch8_64",
  "fusion": "attention_v2",
  "strategy": "loso",
  "mean_accuracy": 55.516975308641975,
  "std_accuracy": 4.676969895275225,
  "mean_kappa": 0.1103395061728395,
  "mean_f1": 0.47369108863631976,
  "n_folds": 9,
  "per_subject": {
    "1": 51.736111111111114,
    "2": 53.81944444444444,
    "3": 53.125,
    "4": 50.0,
    "5": 53.47222222222222,
    "6": 57.291666666666664,
    "7": 53.81944444444444,
    "8": 60.416666666666664,
    "9": 65.97222222222221
  }
}