{
  "model": "DualBranch-VIT+CSP+Riemann",
  "backbone": "eeg_vit_tiny_patch8_64",
  "fusion": "gated",
  "strategy": "loso",
  "mean_accuracy": 55.864197530864196,
  "std_accuracy": 4.75085625890807,
  "mean_kappa": 0.11728395061728396,
  "mean_f1": 0.4753541235087376,
  "n_folds": 9,
  "per_subject": {
    "1": 60.416666666666664,
    "2": 54.513888888888886,
    "3": 51.388888888888886,
    "4": 50.0,
    "5": 50.0,
    "6": 61.80555555555556,
    "7": 53.125,
    "8": 60.06944444444444,
    "9": 61.458333333333336
  }
}