{
  "model": "DualBranch-VIT+CSP+Riemann",
  "backbone": "eeg_vit_tiny_patch8_64",
  "fusion": "attention",
  "strategy": "within_subject",
  "mean_accuracy": 63.115547489413196,
  "std_accuracy": 12.898497489741747,
  "mean_kappa": 0.2599870377605121,
  "mean_f1": 0.5659515316291711,
  "n_folds": 45,
  "per_subject": {
    "1": 66.63641863278887,
    "2": 54.51905626134301,
    "3": 61.78463399879007,
    "4": 51.3914095583787,
    "5": 64.84573502722324,
    "6": 54.863883847549914,
    "7": 61.7967332123412,
    "8": 77.14458560193586,
    "9": 75.05747126436782
  }
}