{
  "model": "CWT+EEG-ViT (PhysioNet pretrained)",
  "backbone": "eeg_vit_tiny_patch8_64",
  "within_subject": {
    "mean_accuracy": 54.8712778113867,
    "std_accuracy": 7.449834014298799,
    "mean_kappa": 0.09752264552378076,
    "mean_f1": 0.5365015817711826,
    "n_folds": 45,
    "per_subject": {
      "1": 58.717483363581366,
      "2": 50.362976406533576,
      "3": 54.506957047791886,
      "4": 52.44404113732607,
      "5": 48.60254083484573,
      "6": 59.72171808832426,
      "7": 57.97338173018753,
      "8": 48.27586206896551,
      "9": 63.236539624924376
    }
  }
}