{
  "baselines": {
    "csp_lda": {
      "model": "Baseline A: CSP+LDA",
      "within_acc": 79.1732204073402,
      "within_std": 14.41379326707773,
      "within_kappa": 0.5834776201867836,
      "within_f1": 0.7902822452682906,
      "loso_acc": 65.77932098765433,
      "loso_std": 10.73848444620998,
      "loso_kappa": 0.31558641975308643,
      "loso_f1": 0.6346046535259762,
      "loso_per_subject": {
        "1": 65.625,
        "2": 55.208333333333336,
        "3": 74.65277777777779,
        "4": 67.01388888888889,
        "5": 55.208333333333336,
        "6": 53.81944444444444,
        "7": 61.111111111111114,
        "8": 89.23611111111111,
        "9": 70.13888888888889
      }
    },
    "riemannian": {
      "model": "Baseline B: Riemannian+LDA",
      "within_acc": 79.74860522954896,
      "within_std": 12.120827676474436,
      "within_kappa": 0.5949084385541465,
      "within_f1": 0.796729970585984,
      "loso_acc": 64.31327160493828,
      "loso_std": 9.997719456843816,
      "loso_kappa": 0.2862654320987654,
      "loso_f1": 0.6093913310518846,
      "loso_per_subject": {
        "1": 77.08333333333334,
        "2": 52.083333333333336,
        "3": 79.86111111111111,
        "4": 55.208333333333336,
        "5": 50.69444444444444,
        "6": 63.541666666666664,
        "7": 61.458333333333336,
        "8": 72.22222222222221,
        "9": 66.66666666666666
      }
    },
    "vit_only": null
  },
  "dual_branch": {
    "tri_adaptive": null,
    "attention_v2": null,
    "attention": null,
    "gated": null
  },
  "transfer_learning": {
    "attention": null,
    "gated": null
  },
  "reduced_data": {
    "backbone": "eeg_vit_tiny_patch8_64",
    "fractions": [
      0.1,
      0.25,
      0.5,
      0.75,
      1.0
    ],
    "results": {
      "transfer": {
        "0.10": {
          "fraction_pct": 10,
          "mean_accuracy": 51.6401,
          "std_accuracy": 5.6799,
          "n_runs": 135
        },
        "0.25": {
          "fraction_pct": 25,
          "mean_accuracy": 52.341,
          "std_accuracy": 5.9147,
          "n_runs": 135
        },
        "0.50": {
          "fraction_pct": 50,
          "mean_accuracy": 56.0276,
          "std_accuracy": 8.2902,
          "n_runs": 135
        },
        "0.75": {
          "fraction_pct": 75,
          "mean_accuracy": 58.843,
          "std_accuracy": 8.8098,
          "n_runs": 135
        },
        "1.00": {
          "fraction_pct": 100,
          "mean_accuracy": 58.8683,
          "std_accuracy": 10.2457,
          "n_runs": 135
        }
      }
    }
  }
}