{
  "model": "CWT+EEG-ViT (PhysioNet pretrained)",
  "backbone": "eeg_vit_tiny_patch8_64",
  "within_subject": {
    "mean_accuracy": 51.9714996303018,
    "std_accuracy": 3.730892162522706,
    "mean_kappa": 0.041086939714031476,
    "mean_f1": 0.40821256639278164,
    "n_folds": 45,
    "per_subject": {
      "1": 53.127646702964306,
      "2": 48.94736842105263,
      "3": 54.51905626134302,
      "4": 50.69570477918935,
      "5": 52.081064730792505,
      "6": 52.10526315789474,
      "7": 48.626739261947975,
      "8": 54.50090744101633,
      "9": 53.13974591651542
    }
  }
}