{
  "model": "CWT+EEG-ViT (PhysioNet pretrained)",
  "backbone": "eeg_vit_tiny_patch8_64",
  "strategy": "loso",
  "mean_accuracy": 51.46604938271605,
  "std_accuracy": 4.9343517428726,
  "mean_kappa": 0.029320987654320993,
  "mean_f1": 0.4264364444550411,
  "n_folds": 9,
  "per_subject": {
    "1": 50.34722222222222,
    "2": 50.0,
    "3": 46.18055555555556,
    "4": 51.736111111111114,
    "5": 50.69444444444444,
    "6": 57.291666666666664,
    "7": 52.77777777777778,
    "8": 60.763888888888886,
    "9": 43.40277777777778
  }
}