{
  "model": "TriBranchAdaptive-VIT+CSP+Riemann",
  "backbone": "eeg_vit_tiny_patch8_64",
  "fusion": "adaptive",
  "strategy": "loso",
  "mean_accuracy": 56.0570987654321,
  "std_accuracy": 6.95622286457857,
  "mean_kappa": 0.12114197530864196,
  "mean_f1": 0.4772553525833231,
  "n_folds": 9,
  "per_subject": {
    "1": 50.69444444444444,
    "2": 50.34722222222222,
    "3": 60.416666666666664,
    "4": 51.041666666666664,
    "5": 49.65277777777778,
    "6": 56.94444444444444,
    "7": 57.638888888888886,
    "8": 72.91666666666666,
    "9": 54.861111111111114
  }
}