{
  "model": "TriBranchAdaptive-VIT+CSP+Riemann",
  "backbone": "eeg_vit_tiny_patch8_64",
  "fusion": "adaptive",
  "strategy": "within_subject",
  "mean_accuracy": 60.687638636821944,
  "std_accuracy": 11.064870629739998,
  "mean_kappa": 0.21295503006694494,
  "mean_f1": 0.5237650279178564,
  "n_folds": 45,
  "per_subject": {
    "1": 64.19842710223836,
    "2": 51.397459165154274,
    "3": 64.90623109497882,
    "4": 51.3914095583787,
    "5": 57.646702964307316,
    "6": 56.21899576527526,
    "7": 59.382940108892925,
    "8": 68.0399274047187,
    "9": 73.00665456745311
  }
}