{
  "baselines": {
    "csp_lda": {
      "model": "Baseline A: CSP+LDA",
      "within_acc": 79.1732204073402,
      "within_std": 14.41379326707773,
      "within_kappa": 0.5834776201867836,
      "within_f1": 0.7902822452682906,
      "loso_acc": 65.77932098765433,
      "loso_std": 10.73848444620998,
      "loso_kappa": 0.31558641975308643,
      "loso_f1": 0.6346046535259762,
      "loso_per_subject": {
        "1": 65.625,
        "2": 55.208333333333336,
        "3": 74.65277777777779,
        "4": 67.01388888888889,
        "5": 55.208333333333336,
        "6": 53.81944444444444,
        "7": 61.111111111111114,
        "8": 89.23611111111111,
        "9": 70.13888888888889
      }
    },
    "riemannian": {
      "model": "Baseline B: Riemannian+LDA",
      "within_acc": 79.74860522954896,
      "within_std": 12.120827676474436,
      "within_kappa": 0.5949084385541465,
      "within_f1": 0.796729970585984,
      "loso_acc": 64.31327160493828,
      "loso_std": 9.997719456843816,
      "loso_kappa": 0.2862654320987654,
      "loso_f1": 0.6093913310518846,
      "loso_per_subject": {
        "1": 77.08333333333334,
        "2": 52.083333333333336,
        "3": 79.86111111111111,
        "4": 55.208333333333336,
        "5": 50.69444444444444,
        "6": 63.541666666666664,
        "7": 61.458333333333336,
        "8": 72.22222222222221,
        "9": 66.66666666666666
      }
    },
    "vit_only": {
      "model": "Baseline C: CWT+EEG-ViT",
      "within_acc": 55.60126369563757,
      "within_std": 7.5703665281555566,
      "within_kappa": 0.11241024276172155,
      "within_f1": 0.537719960621684,
      "loso_acc": 56.94444444444444,
      "loso_std": 3.8176903940904254,
      "loso_kappa": 0.1388888888888889,
      "loso_f1": 0.5556583563081801,
      "loso_per_subject": {
        "1": 60.416666666666664,
        "2": 53.81944444444444,
        "3": 62.5,
        "4": 52.083333333333336,
        "5": 51.736111111111114,
        "6": 61.111111111111114,
        "7": 54.861111111111114,
        "8": 56.59722222222222,
        "9": 59.375
      }
    }
  },
  "dual_branch": {
    "tri_adaptive": null,
    "attention_v2": {
      "model": "DualBranch-VIT+CSP+Riemann [attention_v2]",
      "strategy": "within_subject",
      "within_acc": 64.2757276332594,
      "within_std": 11.346443801038411,
      "within_kappa": 0.284277358262033,
      "within_f1": 0.6038633401686018,
      "loso_acc": 56.40432098765432,
      "loso_std": 4.866925290338921,
      "loso_kappa": 0.1280864197530864,
      "loso_f1": 0.4929081555430599,
      "per_subject": {
        "1": 69.11070780399272,
        "2": 54.5069570477919,
        "3": 64.5674531155475,
        "4": 55.57168784029038,
        "5": 61.07078039927404,
        "6": 57.97338173018754,
        "7": 61.076830006049605,
        "8": 74.35571687840289,
        "9": 80.24803387779795
      },
      "loso_per_subject": {
        "1": 63.19444444444444,
        "2": 56.59722222222222,
        "3": 53.125,
        "4": 50.34722222222222,
        "5": 50.0,
        "6": 60.06944444444444,
        "7": 55.208333333333336,
        "8": 54.861111111111114,
        "9": 64.23611111111111
      }
    },
    "attention": {
      "model": "DualBranch-VIT+CSP+Riemann [attention]",
      "strategy": "within_subject",
      "within_acc": 64.12381528533977,
      "within_std": 11.688542716713204,
      "within_kappa": 0.2807931741612861,
      "within_f1": 0.5884368358479116,
      "loso_acc": 57.13734567901234,
      "loso_std": 6.65707722241918,
      "loso_kappa": 0.1427469135802469,
      "loso_f1": 0.4952893434347495,
      "per_subject": {
        "1": 68.42105263157895,
        "2": 55.57168784029038,
        "3": 60.38717483363581,
        "4": 53.127646702964306,
        "5": 63.81125226860255,
        "6": 57.27767695099819,
        "7": 62.52268602540835,
        "8": 75.72292800967936,
        "9": 80.27223230490017
      },
      "loso_per_subject": {
        "1": 65.625,
        "2": 52.083333333333336,
        "3": 52.083333333333336,
        "4": 52.083333333333336,
        "5": 50.69444444444444,
        "6": 65.27777777777779,
        "7": 57.986111111111114,
        "8": 51.041666666666664,
        "9": 67.36111111111111
      }
    },
    "gated": {
      "model": "DualBranch-VIT+CSP+Riemann [gated]",
      "strategy": "within_subject",
      "within_acc": 63.58136721113128,
      "within_std": 12.218217274006234,
      "within_kappa": 0.2704055948489778,
      "within_f1": 0.5949001687874609,
      "loso_acc": 56.98302469135803,
      "loso_std": 6.474128692408343,
      "loso_kappa": 0.1396604938271605,
      "loso_f1": 0.4897583081760517,
      "per_subject": {
        "1": 69.78826376285541,
        "2": 54.506957047791886,
        "3": 63.53901996370236,
        "4": 50.69570477918935,
        "5": 59.33454325468845,
        "6": 54.52510586811858,
        "7": 62.49243799153055,
        "8": 74.67634603750756,
        "9": 82.67392619479733
      },
      "loso_per_subject": {
        "1": 65.625,
        "2": 52.43055555555556,
        "3": 54.861111111111114,
        "4": 50.34722222222222,
        "5": 50.0,
        "6": 62.84722222222222,
        "7": 55.55555555555556,
        "8": 52.77777777777778,
        "9": 68.40277777777779
      }
    }
  },
  "transfer_learning": {
    "attention": {
      "model": "DualBranch-VIT+CSP+Riemann [attention]",
      "strategy": "within_subject",
      "within_acc": 64.12381528533977,
      "within_std": 11.688542716713204,
      "within_kappa": 0.2807931741612861,
      "within_f1": 0.5884368358479116,
      "loso_acc": 57.13734567901234,
      "loso_std": 6.65707722241918,
      "loso_kappa": 0.1427469135802469,
      "loso_f1": 0.4952893434347495,
      "per_subject": {
        "1": 68.42105263157895,
        "2": 55.57168784029038,
        "3": 60.38717483363581,
        "4": 53.127646702964306,
        "5": 63.81125226860255,
        "6": 57.27767695099819,
        "7": 62.52268602540835,
        "8": 75.72292800967936,
        "9": 80.27223230490017
      },
      "loso_per_subject": {
        "1": 65.625,
        "2": 52.083333333333336,
        "3": 52.083333333333336,
        "4": 52.083333333333336,
        "5": 50.69444444444444,
        "6": 65.27777777777779,
        "7": 57.986111111111114,
        "8": 51.041666666666664,
        "9": 67.36111111111111
      }
    },
    "gated": {
      "model": "DualBranch-VIT+CSP+Riemann [gated]",
      "strategy": "within_subject",
      "within_acc": 63.58136721113128,
      "within_std": 12.218217274006234,
      "within_kappa": 0.2704055948489778,
      "within_f1": 0.5949001687874609,
      "loso_acc": 56.98302469135803,
      "loso_std": 6.474128692408343,
      "loso_kappa": 0.1396604938271605,
      "loso_f1": 0.4897583081760517,
      "per_subject": {
        "1": 69.78826376285541,
        "2": 54.506957047791886,
        "3": 63.53901996370236,
        "4": 50.69570477918935,
        "5": 59.33454325468845,
        "6": 54.52510586811858,
        "7": 62.49243799153055,
        "8": 74.67634603750756,
        "9": 82.67392619479733
      },
      "loso_per_subject": {
        "1": 65.625,
        "2": 52.43055555555556,
        "3": 54.861111111111114,
        "4": 50.34722222222222,
        "5": 50.0,
        "6": 62.84722222222222,
        "7": 55.55555555555556,
        "8": 52.77777777777778,
        "9": 68.40277777777779
      }
    }
  },
  "reduced_data": {
    "backbone": "eeg_vit_tiny_patch8_64",
    "fractions": [
      0.1,
      0.25,
      0.5,
      0.75,
      1.0
    ],
    "results": {
      "transfer": {
        "0.10": {
          "fraction_pct": 10,
          "mean_accuracy": 52.0817,
          "std_accuracy": 6.7688,
          "n_runs": 135
        },
        "0.25": {
          "fraction_pct": 25,
          "mean_accuracy": 54.3013,
          "std_accuracy": 7.0975,
          "n_runs": 135
        },
        "0.50": {
          "fraction_pct": 50,