{
  "model": "DualBranch-VIT+CSP+Riemann",
  "backbone": "eeg_vit_tiny_patch8_64",
  "fusion": "attention",
  "strategy": "loso",
  "mean_accuracy": 57.13734567901234,
  "std_accuracy": 6.65707722241918,
  "mean_kappa": 0.1427469135802469,
  "mean_f1": 0.4952893434347495,
  "n_folds": 9,
  "per_subject": {
    "1": 65.625,
    "2": 52.083333333333336,
    "3": 52.083333333333336,
    "4": 52.083333333333336,
    "5": 50.69444444444444,
    "6": 65.27777777777779,
    "7": 57.986111111111114,
    "8": 51.041666666666664,
    "9": 67.36111111111111
  }
}