{
  "model": "CWT+EEG-ViT (PhysioNet pretrained)",
  "backbone": "eeg_vit_tiny_patch8_64",
  "strategy": "loso",
  "mean_accuracy": 56.94444444444444,
  "std_accuracy": 3.8176903940904254,
  "mean_kappa": 0.1388888888888889,
  "mean_f1": 0.5556583563081801,
  "n_folds": 9,
  "per_subject": {
    "1": 60.416666666666664,
    "2": 53.81944444444444,
    "3": 62.5,
    "4": 52.083333333333336,
    "5": 51.736111111111114,
    "6": 61.111111111111114,
    "7": 54.861111111111114,
    "8": 56.59722222222222,
    "9": 59.375
  }
}