{
  "model": "DualBranch-VIT+CSP+Riemann",
  "backbone": "eeg_vit_tiny_patch8_64",
  "fusion": "attention",
  "strategy": "within_subject",
  "mean_accuracy": 64.12381528533977,
  "std_accuracy": 11.688542716713204,
  "mean_kappa": 0.2807931741612861,
  "mean_f1": 0.5884368358479116,
  "n_folds": 45,
  "per_subject": {
    "1": 68.42105263157895,
    "2": 55.57168784029038,
    "3": 60.38717483363581,
    "4": 53.127646702964306,
    "5": 63.81125226860255,
    "6": 57.27767695099819,
    "7": 62.52268602540835,
    "8": 75.72292800967936,
    "9": 80.27223230490017
  }
}