{
  "model": "CWT+EEG-ViT (PhysioNet pretrained)",
  "backbone": "eeg_vit_tiny_patch8_64",
  "within_subject": {
    "mean_accuracy": 55.60126369563757,
    "std_accuracy": 7.5703665281555566,
    "mean_kappa": 0.11241024276172155,
    "mean_f1": 0.537719960621684,
    "n_folds": 45,
    "per_subject": {
      "1": 55.20871143375681,
      "2": 49.32849364791288,
      "3": 62.47428917120387,
      "4": 51.736237144585594,
      "5": 46.569872958257704,
      "6": 62.49243799153055,
      "7": 58.34240774349668,
      "8": 51.72413793103449,
      "9": 62.534785238959465
    }
  }
}