{
  "model": "DualBranch-VIT+CSP+Riemann",
  "backbone": "eeg_vit_tiny_patch8_64",
  "fusion": "gated",
  "strategy": "within_subject",
  "mean_accuracy": 63.58136721113128,
  "std_accuracy": 12.218217274006234,
  "mean_kappa": 0.2704055948489778,
  "mean_f1": 0.5949001687874609,
  "n_folds": 45,
  "per_subject": {
    "1": 69.78826376285541,
    "2": 54.506957047791886,
    "3": 63.53901996370236,
    "4": 50.69570477918935,
    "5": 59.33454325468845,
    "6": 54.52510586811858,
    "7": 62.49243799153055,
    "8": 74.67634603750756,
    "9": 82.67392619479733
  }
}