{
  "model": "DualBranch-VIT+CSP+Riemann",
  "backbone": "eeg_vit_tiny_patch8_64",
  "fusion": "attention_v2",
  "strategy": "within_subject",
  "mean_accuracy": 64.2757276332594,
  "std_accuracy": 11.346443801038411,
  "mean_kappa": 0.284277358262033,
  "mean_f1": 0.6038633401686018,
  "n_folds": 45,
  "per_subject": {
    "1": 69.11070780399272,
    "2": 54.5069570477919,
    "3": 64.5674531155475,
    "4": 55.57168784029038,
    "5": 61.07078039927404,
    "6": 57.97338173018754,
    "7": 61.076830006049605,
    "8": 74.35571687840289,
    "9": 80.24803387779795
  }
}