{
  "model": "DualBranch-VIT+CSP+Riemann",
  "backbone": "eeg_vit_tiny_patch8_64",
  "fusion": "attention_v2",
  "strategy": "loso",
  "mean_accuracy": 56.40432098765432,
  "std_accuracy": 4.866925290338921,
  "mean_kappa": 0.1280864197530864,
  "mean_f1": 0.4929081555430599,
  "n_folds": 9,
  "per_subject": {
    "1": 63.19444444444444,
    "2": 56.59722222222222,
    "3": 53.125,
    "4": 50.34722222222222,
    "5": 50.0,
    "6": 60.06944444444444,
    "7": 55.208333333333336,
    "8": 54.861111111111114,
    "9": 64.23611111111111
  }
}