{
  "model": "DualBranch-VIT+CSP+Riemann",
  "backbone": "eeg_vit_tiny_patch8_64",
  "fusion": "gated",
  "strategy": "loso",
  "mean_accuracy": 56.98302469135803,
  "std_accuracy": 6.474128692408343,
  "mean_kappa": 0.1396604938271605,
  "mean_f1": 0.4897583081760517,
  "n_folds": 9,
  "per_subject": {
    "1": 65.625,
    "2": 52.43055555555556,
    "3": 54.861111111111114,
    "4": 50.34722222222222,
    "5": 50.0,
    "6": 62.84722222222222,
    "7": 55.55555555555556,
    "8": 52.77777777777778,
    "9": 68.40277777777779
  }
}