{
  "model": "CWT+ViT-Tiny (PhysioNet pretrained)",
  "backbone": "vit_tiny_patch16_224",
  "strategy": "loso",
  "mean_accuracy": 53.47222222222222,
  "std_accuracy": 3.571122365866091,
  "mean_kappa": 0.06944444444444446,
  "mean_f1": 0.5273550634124449,
  "n_folds": 9,
  "per_subject": {
    "1": 56.25,
    "2": 46.875,
    "3": 59.375,
    "4": 54.513888888888886,
    "5": 51.041666666666664,
    "6": 54.166666666666664,
    "7": 54.861111111111114,
    "8": 49.30555555555556,
    "9": 54.861111111111114
  }
}