{
  "model": "DualBranch-VIT+CSP+Riemann",
  "backbone": "vit_tiny_patch16_224",
  "fusion": "attention",
  "strategy": "within_subject",
  "mean_accuracy": 73.1464677018216,
  "std_accuracy": 15.310371537401888,
  "mean_kappa": 0.4635272968421812,
  "mean_f1": 0.7042851935411195,
  "n_folds": 45,
  "per_subject": {
    "1": 81.93587416817907,
    "2": 55.178463399879014,
    "3": 92.01451905626132,
    "4": 57.61040532365397,
    "5": 69.45553539019963,
    "6": 55.565638233514825,
    "7": 71.1796733212341,
    "8": 90.98608590441623,
    "9": 84.39201451905626
  }
}