{
  "baselines": {
    "csp_lda": {
      "model": "Baseline A: CSP+LDA",
      "within_acc": 79.1732204073402,
      "within_std": 14.41379326707773,
      "within_kappa": 0.5834776201867836,
      "within_f1": 0.7902822452682906,
      "loso_acc": 65.77932098765433,
      "loso_std": 10.73848444620998,
      "loso_kappa": 0.31558641975308643,
      "loso_f1": 0.6346046535259762,
      "loso_per_subject": {
        "1": 65.625,
        "2": 55.208333333333336,
        "3": 74.65277777777779,
        "4": 67.01388888888889,
        "5": 55.208333333333336,
        "6": 53.81944444444444,
        "7": 61.111111111111114,
        "8": 89.23611111111111,
        "9": 70.13888888888889
      }
    },
    "riemannian": {
      "model": "Baseline B: Riemannian+LDA",
      "within_acc": 79.74860522954896,
      "within_std": 12.120827676474436,
      "within_kappa": 0.5949084385541465,
      "within_f1": 0.796729970585984,
      "loso_acc": 64.31327160493828,
      "loso_std": 9.997719456843816,
      "loso_kappa": 0.2862654320987654,
      "loso_f1": 0.6093913310518846,
      "loso_per_subject": {
        "1": 77.08333333333334,
        "2": 52.083333333333336,
        "3": 79.86111111111111,
        "4": 55.208333333333336,
        "5": 50.69444444444444,
        "6": 63.541666666666664,
        "7": 61.458333333333336,
        "8": 72.22222222222221,
        "9": 66.66666666666666
      }
    },
    "vit_only": {
      "model": "Baseline C: CWT+EEG-ViT",
      "within_acc": 49.884385292733754,
      "within_std": 1.1644910570654392,
      "within_kappa": -0.00225721057953671,
      "within_f1": 0.342365606523603,
      "loso_acc": 50.0,
      "loso_std": 0.0,
      "loso_kappa": 0.0,
      "loso_f1": 0.3333333333333333,
      "loso_per_subject": {
        "1": 50.0,
        "2": 50.0,
        "3": 50.0,
        "4": 50.0,
        "5": 50.0,
        "6": 50.0,
        "7": 50.0,
        "8": 50.0,
        "9": 50.0
      }
    }
  },
  "dual_branch": {
    "attention": {
      "model": "DualBranch-VIT+CSP+Riemann [attention]",
      "strategy": "within_subject",
      "within_acc": 55.81568864690462,
      "within_std": 8.045912320368084,
      "within_kappa": 0.1147691833494858,
      "within_f1": 0.4660304680630956,
      "loso_acc": 54.552469135802475,
      "loso_std": 4.8540635764048154,
      "loso_kappa": 0.0910493827160494,
      "loso_f1": 0.45231117327565395,
      "per_subject": {
        "1": 54.17422867513611,
        "2": 50.3145795523291,
        "3": 56.908650937689046,
        "4": 50.3448275862069,
        "5": 60.369026013309146,
        "6": 51.36721113127646,
        "7": 54.137931034482754,
        "8": 66.69691470054447,
        "9": 58.027828191167565
      },
      "loso_per_subject": {
        "1": 52.43055555555556,
        "2": 54.166666666666664,
        "3": 50.34722222222222,
        "4": 50.0,
        "5": 53.47222222222222,
        "6": 54.513888888888886,
        "7": 58.68055555555556,
        "8": 51.041666666666664,
        "9": 66.31944444444444
      }
    },
    "gated": {
      "model": "DualBranch-VIT+CSP+Riemann [gated]",
      "strategy": "within_subject",
      "within_acc": 56.099347986825315,
      "within_std": 9.38539112885788,
      "within_kappa": 0.12207698639544985,
      "within_f1": 0.4716015430668929,
      "loso_acc": 55.59413580246914,
      "loso_std": 4.9062183123393615,
      "loso_kappa": 0.11188271604938271,
      "loso_f1": 0.46022604812224366,
      "per_subject": {
        "1": 53.460375075620085,
        "2": 53.81730187537811,
        "3": 54.137931034482754,
        "4": 51.05263157894737,
        "5": 53.4724742891712,
        "6": 49.64912280701754,
        "7": 52.06896551724138,
        "8": 63.27888687235329,
        "9": 73.95644283121597
      },
      "loso_per_subject": {
        "1": 57.638888888888886,
        "2": 50.34722222222222,
        "3": 50.69444444444444,
        "4": 50.34722222222222,
        "5": 50.34722222222222,
        "6": 57.638888888888886,
        "7": 60.763888888888886,
        "8": 59.02777777777778,
        "9": 63.541666666666664
      }
    }
  },
  "transfer_learning": {
    "attention": {
      "model": "DualBranch-VIT+CSP+Riemann [attention]",
      "strategy": "within_subject",
      "within_acc": 55.81568864690462,
      "within_std": 8.045912320368084,
      "within_kappa": 0.1147691833494858,
      "within_f1": 0.4660304680630956,
      "loso_acc": 54.552469135802475,
      "loso_std": 4.8540635764048154,
      "loso_kappa": 0.0910493827160494,
      "loso_f1": 0.45231117327565395,
      "per_subject": {
        "1": 54.17422867513611,
        "2": 50.3145795523291,
        "3": 56.908650937689046,
        "4": 50.3448275862069,
        "5": 60.369026013309146,
        "6": 51.36721113127646,
        "7": 54.137931034482754,
        "8": 66.69691470054447,
        "9": 58.027828191167565
      },
      "loso_per_subject": {
        "1": 52.43055555555556,
        "2": 54.166666666666664,
        "3": 50.34722222222222,
        "4": 50.0,
        "5": 53.47222222222222,
        "6": 54.513888888888886,
        "7": 58.68055555555556,
        "8": 51.041666666666664,
        "9": 66.31944444444444
      }
    },
    "gated": {
      "model": "DualBranch-VIT+CSP+Riemann [gated]",
      "strategy": "within_subject",
      "within_acc": 56.099347986825315,
      "within_std": 9.38539112885788,
      "within_kappa": 0.12207698639544985,
      "within_f1": 0.4716015430668929,
      "loso_acc": 55.59413580246914,
      "loso_std": 4.9062183123393615,
      "loso_kappa": 0.11188271604938271,
      "loso_f1": 0.46022604812224366,
      "per_subject": {
        "1": 53.460375075620085,
        "2": 53.81730187537811,
        "3": 54.137931034482754,
        "4": 51.05263157894737,
        "5": 53.4724742891712,
        "6": 49.64912280701754,
        "7": 52.06896551724138,
        "8": 63.27888687235329,
        "9": 73.95644283121597
      },
      "loso_per_subject": {
        "1": 57.638888888888886,
        "2": 50.34722222222222,
        "3": 50.69444444444444,
        "4": 50.34722222222222,
        "5": 50.34722222222222,
        "6": 57.638888888888886,
        "7": 60.763888888888886,
        "8": 59.02777777777778,
        "9": 63.541666666666664
      }
    }
  },
  "reduced_data": {
    "backbone": "eeg_vit_tiny_patch8_64",
    "fractions": [
      0.1,
      0.25,
      0.5,
      0.75,
      1.0
    ],
    "results": {
      "transfer": {
        "0.10": {
          "fraction_pct": 10,
          "mean_accuracy": 50.05,
          "std_accuracy": 1.6661,
          "n_runs": 135
        },
        "0.25": {
          "fraction_pct": 25,
          "mean_accuracy": 50.2198,
          "std_accuracy": 2.245,
          "n_runs": 135
        },
        "0.50": {
          "fraction_pct": 50,
          "mean_accuracy": 51.4042,
          "std_accuracy": 3.739,
          "n_runs": 135
        },
        "0.75": {
          "fraction_pct": 75,
          "mean_accuracy": 54.0868,
          "std_accuracy": 7.301,
          "n_runs": 135
        },
        "1.00": {
          "fraction_pct": 100,
          "mean_accuracy": 55.7713,
          "std_accuracy": 9.1304,
          "n_runs": 135
        }
      }
    }
  }
}