{
  "model": "DualBranch-VIT+CSP+Riemann",
  "backbone": "eeg_vit_tiny_patch8_64",
  "fusion": "gated",
  "strategy": "within_subject",
  "mean_accuracy": 56.099347986825315,
  "std_accuracy": 9.38539112885788,
  "mean_kappa": 0.12207698639544985,
  "mean_f1": 0.4716015430668929,
  "n_folds": 45,
  "per_subject": {
    "1": 53.460375075620085,
    "2": 53.81730187537811,
    "3": 54.137931034482754,
    "4": 51.05263157894737,
    "5": 53.4724742891712,
    "6": 49.64912280701754,
    "7": 52.06896551724138,
    "8": 63.27888687235329,
    "9": 73.95644283121597
  }
}