{
  "model": "DualBranch-VIT+CSP+Riemann",
  "backbone": "eeg_vit_tiny_patch8_64",
  "fusion": "gated",
  "strategy": "loso",
  "mean_accuracy": 55.59413580246914,
  "std_accuracy": 4.9062183123393615,
  "mean_kappa": 0.11188271604938271,
  "mean_f1": 0.46022604812224366,
  "n_folds": 9,
  "per_subject": {
    "1": 57.638888888888886,
    "2": 50.34722222222222,
    "3": 50.69444444444444,
    "4": 50.34722222222222,
    "5": 50.34722222222222,
    "6": 57.638888888888886,
    "7": 60.763888888888886,
    "8": 59.02777777777778,
    "9": 63.541666666666664
  }
}