{
  "model": "DualBranch-VIT+CSP+Riemann",
  "backbone": "eeg_vit_tiny_patch8_64",
  "fusion": "attention",
  "strategy": "loso",
  "mean_accuracy": 54.552469135802475,
  "std_accuracy": 4.8540635764048154,
  "mean_kappa": 0.0910493827160494,
  "mean_f1": 0.45231117327565395,
  "n_folds": 9,
  "per_subject": {
    "1": 52.43055555555556,
    "2": 54.166666666666664,
    "3": 50.34722222222222,
    "4": 50.0,
    "5": 53.47222222222222,
    "6": 54.513888888888886,
    "7": 58.68055555555556,
    "8": 51.041666666666664,
    "9": 66.31944444444444
  }
}