{
  "model": "DualBranch-VIT+CSP+Riemann",
  "backbone": "eeg_vit_tiny_patch8_64",
  "fusion": "attention",
  "strategy": "within_subject",
  "mean_accuracy": 55.81568864690462,
  "std_accuracy": 8.045912320368084,
  "mean_kappa": 0.1147691833494858,
  "mean_f1": 0.4660304680630956,
  "n_folds": 45,
  "per_subject": {
    "1": 54.17422867513611,
    "2": 50.3145795523291,
    "3": 56.908650937689046,
    "4": 50.3448275862069,
    "5": 60.369026013309146,
    "6": 51.36721113127646,
    "7": 54.137931034482754,
    "8": 66.69691470054447,
    "9": 58.027828191167565
  }
}