{
  "model": "CWT+EEG-ViT (PhysioNet pretrained)",
  "backbone": "eeg_vit_tiny_patch8_64",
  "within_subject": {
    "mean_accuracy": 49.884385292733754,
    "std_accuracy": 1.1644910570654392,
    "mean_kappa": -0.00225721057953671,
    "mean_f1": 0.342365606523603,
    "n_folds": 45,
    "per_subject": {
      "1": 50.00604960677556,
      "2": 49.29824561403509,
      "3": 50.0,
      "4": 50.69570477918935,
      "5": 48.61464004839686,
      "6": 50.35087719298245,
      "7": 49.99395039322444,
      "8": 50.0,
      "9": 50.0
    }
  }
}